{"cameraMode":{"drawMode":0,"name":"Shaded","section":"Shading Mode"},"sceneLighting":false,"audioPlay":false,"sceneViewState":{"m_AlwaysRefresh":false,"showFog":true,"showSkybox":false,"showFlares":true,"showImageEffects":true,"showParticleSystems":true,"showVisualEffectGraphs":true,"m_FxEnabled":true},"in2DMode":false,"pivot":{"x":-0.004727065563201904,"y":-0.05201864242553711,"z":0.000015228986740112305},"rotation":{"x":0.24198590219020844,"y":-0.10877714306116104,"z":0.027594754472374917,"w":0.9638871550559998},"size":1.4253273010253907,"orthographic":false}