{"cameraMode":{"drawMode":0,"name":"Shaded","section":"Shading Mode"},"sceneLighting":false,"audioPlay":false,"sceneViewState":{"m_AlwaysRefresh":false,"showFog":true,"showSkybox":false,"showFlares":true,"showImageEffects":true,"showParticleSystems":true,"showVisualEffectGraphs":true,"m_FxEnabled":true},"in2DMode":false,"pivot":{"x":0.016342639923095704,"y":1.5131397247314454,"z":-0.0000017881393432617188},"rotation":{"x":0.017993541434407235,"y":0.02549353986978531,"z":-0.0004584022390190512,"w":0.9995171427726746},"size":5.38971471786499,"orthographic":false}