{"cameraMode":{"drawMode":0,"name":"Shaded","section":"Shading Mode"},"sceneLighting":false,"audioPlay":false,"sceneViewState":{"m_AlwaysRefresh":false,"showFog":true,"showSkybox":false,"showFlares":true,"showImageEffects":true,"showParticleSystems":true,"showVisualEffectGraphs":true,"m_FxEnabled":true},"in2DMode":false,"pivot":{"x":0.016342639923095704,"y":1.5131397247314454,"z":-29.666786193847658},"rotation":{"x":0.2600269019603729,"y":0.08407335728406906,"z":-0.022203976288437845,"w":0.9617931842803955},"size":12.124356269836426,"orthographic":false}