{"cameraMode":{"drawMode":0,"name":"Shaded","section":"Shading Mode"},"sceneLighting":false,"audioPlay":false,"sceneViewState":{"m_AlwaysRefresh":false,"showFog":true,"showSkybox":false,"showFlares":true,"showImageEffects":true,"showParticleSystems":true,"showVisualEffectGraphs":true,"m_FxEnabled":true},"in2DMode":false,"pivot":{"x":3.627200750330419e-16,"y":1.0449875593185425,"z":-6.269208479984297e-18},"rotation":{"x":0.00009945728379534557,"y":-0.9884259104728699,"z":0.15242142975330354,"w":0.003372130449861288},"size":1.897153615951538,"orthographic":false}