{"cameraMode":{"drawMode":0,"name":"Shaded","section":"Shading Mode"},"sceneLighting":false,"audioPlay":false,"sceneViewState":{"m_AlwaysRefresh":false,"showFog":true,"showSkybox":false,"showFlares":true,"showImageEffects":true,"showParticleSystems":true,"showVisualEffectGraphs":true,"m_FxEnabled":true},"in2DMode":false,"pivot":{"x":-0.004727065563201904,"y":-0.05201864242553711,"z":0.000015228986740112305},"rotation":{"x":0.18714652955532075,"y":-0.14808404445648194,"z":0.028943177312612535,"w":0.9707911610603333},"size":1.4253273010253907,"orthographic":false}